name,kind,groups,target_family,random_seed,fourier,deformable,supcon_margin,adamnorm
g3_FDS__fourier_d2_s3b2__D11000_seed2026__supm_m0p1_s64_t0p1_ls0_lr0p001,three_group,fourier+deformable+supcon_margin,fourier_deformable_supcon_margin,2026,fourier_d2_s3b2,D11000_seed2026,supm_mixnet_s_m0p1_s64_t0p1_ls0_lr0p001_p128_projected,
g3_FDS__fourier_d2_s3b2__D11000_seed2026__supm_m0p05_s30_t0p1_ls1_lr0p0003,three_group,fourier+deformable+supcon_margin,fourier_deformable_supcon_margin,2026,fourier_d2_s3b2,D11000_seed2026,supm_mixnet_s_m0p05_s30_t0p1_ls1_lr0p0003_p128_projected,
g3_FDS__fourier_d2_s3b2__D11000_seed2026__supm_m0p05_s30_t0p05_ls1_lr0p0003,three_group,fourier+deformable+supcon_margin,fourier_deformable_supcon_margin,2026,fourier_d2_s3b2,D11000_seed2026,supm_mixnet_s_m0p05_s30_t0p05_ls1_lr0p0003_p128_projected,
g3_FDS__fourier_d2_s3b2__D10101_seed2026__supm_m0p1_s64_t0p1_ls0_lr0p001,three_group,fourier+deformable+supcon_margin,fourier_deformable_supcon_margin,2026,fourier_d2_s3b2,D10101_seed2026,supm_mixnet_s_m0p1_s64_t0p1_ls0_lr0p001_p128_projected,
g3_FDS__fourier_d2_s3b2__D10101_seed2026__supm_m0p05_s30_t0p1_ls1_lr0p0003,three_group,fourier+deformable+supcon_margin,fourier_deformable_supcon_margin,2026,fourier_d2_s3b2,D10101_seed2026,supm_mixnet_s_m0p05_s30_t0p1_ls1_lr0p0003_p128_projected,
g3_FDS__fourier_d2_s3b2__D10101_seed2026__supm_m0p05_s30_t0p05_ls1_lr0p0003,three_group,fourier+deformable+supcon_margin,fourier_deformable_supcon_margin,2026,fourier_d2_s3b2,D10101_seed2026,supm_mixnet_s_m0p05_s30_t0p05_ls1_lr0p0003_p128_projected,
g3_FDS__fourier_d2_s3b2__D00000_seed42__supm_m0p1_s64_t0p1_ls0_lr0p001,three_group,fourier+deformable+supcon_margin,fourier_deformable_supcon_margin,42,fourier_d2_s3b2,D00000_seed42,supm_mixnet_s_m0p1_s64_t0p1_ls0_lr0p001_p128_projected,
g3_FDS__fourier_d2_s3b2__D00000_seed42__supm_m0p05_s30_t0p1_ls1_lr0p0003,three_group,fourier+deformable+supcon_margin,fourier_deformable_supcon_margin,42,fourier_d2_s3b2,D00000_seed42,supm_mixnet_s_m0p05_s30_t0p1_ls1_lr0p0003_p128_projected,
g3_FDS__fourier_d2_s3b2__D00000_seed42__supm_m0p05_s30_t0p05_ls1_lr0p0003,three_group,fourier+deformable+supcon_margin,fourier_deformable_supcon_margin,42,fourier_d2_s3b2,D00000_seed42,supm_mixnet_s_m0p05_s30_t0p05_ls1_lr0p0003_p128_projected,
g3_FDS__fourier_d2_s3b2__D11011_seed2026__supm_m0p1_s64_t0p1_ls0_lr0p001,three_group,fourier+deformable+supcon_margin,fourier_deformable_supcon_margin,2026,fourier_d2_s3b2,D11011_seed2026,supm_mixnet_s_m0p1_s64_t0p1_ls0_lr0p001_p128_projected,
g3_FDS__fourier_d2_s3b2__D11011_seed2026__supm_m0p05_s30_t0p1_ls1_lr0p0003,three_group,fourier+deformable+supcon_margin,fourier_deformable_supcon_margin,2026,fourier_d2_s3b2,D11011_seed2026,supm_mixnet_s_m0p05_s30_t0p1_ls1_lr0p0003_p128_projected,
g3_FDS__fourier_d2_s3b2__D11011_seed2026__supm_m0p05_s30_t0p05_ls1_lr0p0003,three_group,fourier+deformable+supcon_margin,fourier_deformable_supcon_margin,2026,fourier_d2_s3b2,D11011_seed2026,supm_mixnet_s_m0p05_s30_t0p05_ls1_lr0p0003_p128_projected,
g3_FDS__fourier_d9_s4_all__D11000_seed2026__supm_m0p1_s64_t0p1_ls0_lr0p001,three_group,fourier+deformable+supcon_margin,fourier_deformable_supcon_margin,2026,fourier_d9_s4_all,D11000_seed2026,supm_mixnet_s_m0p1_s64_t0p1_ls0_lr0p001_p128_projected,
g3_FDS__fourier_d9_s4_all__D11000_seed2026__supm_m0p05_s30_t0p1_ls1_lr0p0003,three_group,fourier+deformable+supcon_margin,fourier_deformable_supcon_margin,2026,fourier_d9_s4_all,D11000_seed2026,supm_mixnet_s_m0p05_s30_t0p1_ls1_lr0p0003_p128_projected,
g3_FDS__fourier_d9_s4_all__D11000_seed2026__supm_m0p05_s30_t0p05_ls1_lr0p0003,three_group,fourier+deformable+supcon_margin,fourier_deformable_supcon_margin,2026,fourier_d9_s4_all,D11000_seed2026,supm_mixnet_s_m0p05_s30_t0p05_ls1_lr0p0003_p128_projected,
g3_FDS__fourier_d9_s4_all__D10101_seed2026__supm_m0p1_s64_t0p1_ls0_lr0p001,three_group,fourier+deformable+supcon_margin,fourier_deformable_supcon_margin,2026,fourier_d9_s4_all,D10101_seed2026,supm_mixnet_s_m0p1_s64_t0p1_ls0_lr0p001_p128_projected,
g3_FDS__fourier_d9_s4_all__D10101_seed2026__supm_m0p05_s30_t0p1_ls1_lr0p0003,three_group,fourier+deformable+supcon_margin,fourier_deformable_supcon_margin,2026,fourier_d9_s4_all,D10101_seed2026,supm_mixnet_s_m0p05_s30_t0p1_ls1_lr0p0003_p128_projected,
g3_FDS__fourier_d9_s4_all__D10101_seed2026__supm_m0p05_s30_t0p05_ls1_lr0p0003,three_group,fourier+deformable+supcon_margin,fourier_deformable_supcon_margin,2026,fourier_d9_s4_all,D10101_seed2026,supm_mixnet_s_m0p05_s30_t0p05_ls1_lr0p0003_p128_projected,
g3_FDS__fourier_d9_s4_all__D00000_seed42__supm_m0p1_s64_t0p1_ls0_lr0p001,three_group,fourier+deformable+supcon_margin,fourier_deformable_supcon_margin,42,fourier_d9_s4_all,D00000_seed42,supm_mixnet_s_m0p1_s64_t0p1_ls0_lr0p001_p128_projected,
g3_FDS__fourier_d9_s4_all__D00000_seed42__supm_m0p05_s30_t0p1_ls1_lr0p0003,three_group,fourier+deformable+supcon_margin,fourier_deformable_supcon_margin,42,fourier_d9_s4_all,D00000_seed42,supm_mixnet_s_m0p05_s30_t0p1_ls1_lr0p0003_p128_projected,
g3_FDS__fourier_d9_s4_all__D00000_seed42__supm_m0p05_s30_t0p05_ls1_lr0p0003,three_group,fourier+deformable+supcon_margin,fourier_deformable_supcon_margin,42,fourier_d9_s4_all,D00000_seed42,supm_mixnet_s_m0p05_s30_t0p05_ls1_lr0p0003_p128_projected,
g3_FDS__fourier_d9_s4_all__D11011_seed2026__supm_m0p1_s64_t0p1_ls0_lr0p001,three_group,fourier+deformable+supcon_margin,fourier_deformable_supcon_margin,2026,fourier_d9_s4_all,D11011_seed2026,supm_mixnet_s_m0p1_s64_t0p1_ls0_lr0p001_p128_projected,
g3_FDS__fourier_d9_s4_all__D11011_seed2026__supm_m0p05_s30_t0p1_ls1_lr0p0003,three_group,fourier+deformable+supcon_margin,fourier_deformable_supcon_margin,2026,fourier_d9_s4_all,D11011_seed2026,supm_mixnet_s_m0p05_s30_t0p1_ls1_lr0p0003_p128_projected,
g3_FDS__fourier_d9_s4_all__D11011_seed2026__supm_m0p05_s30_t0p05_ls1_lr0p0003,three_group,fourier+deformable+supcon_margin,fourier_deformable_supcon_margin,2026,fourier_d9_s4_all,D11011_seed2026,supm_mixnet_s_m0p05_s30_t0p05_ls1_lr0p0003_p128_projected,
g3_FDS__fourier_d1_s2b3__D11000_seed2026__supm_m0p1_s64_t0p1_ls0_lr0p001,three_group,fourier+deformable+supcon_margin,fourier_deformable_supcon_margin,2026,fourier_d1_s2b3,D11000_seed2026,supm_mixnet_s_m0p1_s64_t0p1_ls0_lr0p001_p128_projected,
g3_FDS__fourier_d1_s2b3__D11000_seed2026__supm_m0p05_s30_t0p1_ls1_lr0p0003,three_group,fourier+deformable+supcon_margin,fourier_deformable_supcon_margin,2026,fourier_d1_s2b3,D11000_seed2026,supm_mixnet_s_m0p05_s30_t0p1_ls1_lr0p0003_p128_projected,
g3_FDS__fourier_d1_s2b3__D11000_seed2026__supm_m0p05_s30_t0p05_ls1_lr0p0003,three_group,fourier+deformable+supcon_margin,fourier_deformable_supcon_margin,2026,fourier_d1_s2b3,D11000_seed2026,supm_mixnet_s_m0p05_s30_t0p05_ls1_lr0p0003_p128_projected,
g3_FDS__fourier_d1_s2b3__D10101_seed2026__supm_m0p1_s64_t0p1_ls0_lr0p001,three_group,fourier+deformable+supcon_margin,fourier_deformable_supcon_margin,2026,fourier_d1_s2b3,D10101_seed2026,supm_mixnet_s_m0p1_s64_t0p1_ls0_lr0p001_p128_projected,
g3_FDS__fourier_d1_s2b3__D10101_seed2026__supm_m0p05_s30_t0p1_ls1_lr0p0003,three_group,fourier+deformable+supcon_margin,fourier_deformable_supcon_margin,2026,fourier_d1_s2b3,D10101_seed2026,supm_mixnet_s_m0p05_s30_t0p1_ls1_lr0p0003_p128_projected,
g3_FDS__fourier_d1_s2b3__D10101_seed2026__supm_m0p05_s30_t0p05_ls1_lr0p0003,three_group,fourier+deformable+supcon_margin,fourier_deformable_supcon_margin,2026,fourier_d1_s2b3,D10101_seed2026,supm_mixnet_s_m0p05_s30_t0p05_ls1_lr0p0003_p128_projected,
g3_FDS__fourier_d1_s2b3__D00000_seed42__supm_m0p1_s64_t0p1_ls0_lr0p001,three_group,fourier+deformable+supcon_margin,fourier_deformable_supcon_margin,42,fourier_d1_s2b3,D00000_seed42,supm_mixnet_s_m0p1_s64_t0p1_ls0_lr0p001_p128_projected,
g3_FDS__fourier_d1_s2b3__D00000_seed42__supm_m0p05_s30_t0p1_ls1_lr0p0003,three_group,fourier+deformable+supcon_margin,fourier_deformable_supcon_margin,42,fourier_d1_s2b3,D00000_seed42,supm_mixnet_s_m0p05_s30_t0p1_ls1_lr0p0003_p128_projected,
g3_FDS__fourier_d1_s2b3__D00000_seed42__supm_m0p05_s30_t0p05_ls1_lr0p0003,three_group,fourier+deformable+supcon_margin,fourier_deformable_supcon_margin,42,fourier_d1_s2b3,D00000_seed42,supm_mixnet_s_m0p05_s30_t0p05_ls1_lr0p0003_p128_projected,
g3_FDS__fourier_d1_s2b3__D11011_seed2026__supm_m0p1_s64_t0p1_ls0_lr0p001,three_group,fourier+deformable+supcon_margin,fourier_deformable_supcon_margin,2026,fourier_d1_s2b3,D11011_seed2026,supm_mixnet_s_m0p1_s64_t0p1_ls0_lr0p001_p128_projected,
g3_FDS__fourier_d1_s2b3__D11011_seed2026__supm_m0p05_s30_t0p1_ls1_lr0p0003,three_group,fourier+deformable+supcon_margin,fourier_deformable_supcon_margin,2026,fourier_d1_s2b3,D11011_seed2026,supm_mixnet_s_m0p05_s30_t0p1_ls1_lr0p0003_p128_projected,
g3_FDS__fourier_d1_s2b3__D11011_seed2026__supm_m0p05_s30_t0p05_ls1_lr0p0003,three_group,fourier+deformable+supcon_margin,fourier_deformable_supcon_margin,2026,fourier_d1_s2b3,D11011_seed2026,supm_mixnet_s_m0p05_s30_t0p05_ls1_lr0p0003_p128_projected,
g3_FDA__fourier_d2_s3b2__D11000_seed2026__adamnorm_lr0p0001,three_group,fourier+deformable+adamnorm,fourier_deformable_adamnorm,2026,fourier_d2_s3b2,D11000_seed2026,,adamnorm_stagemask_001101_k357_lr0p0001
g3_FDA__fourier_d2_s3b2__D11000_seed2026__adamnorm_lr0p0003,three_group,fourier+deformable+adamnorm,fourier_deformable_adamnorm,2026,fourier_d2_s3b2,D11000_seed2026,,adamnorm_stagemask_001101_k357_lr0p0003
g3_FDA__fourier_d2_s3b2__D10101_seed2026__adamnorm_lr0p0001,three_group,fourier+deformable+adamnorm,fourier_deformable_adamnorm,2026,fourier_d2_s3b2,D10101_seed2026,,adamnorm_stagemask_001101_k357_lr0p0001
g3_FDA__fourier_d2_s3b2__D10101_seed2026__adamnorm_lr0p0003,three_group,fourier+deformable+adamnorm,fourier_deformable_adamnorm,2026,fourier_d2_s3b2,D10101_seed2026,,adamnorm_stagemask_001101_k357_lr0p0003
g3_FDA__fourier_d2_s3b2__D00000_seed42__adamnorm_lr0p0001,three_group,fourier+deformable+adamnorm,fourier_deformable_adamnorm,42,fourier_d2_s3b2,D00000_seed42,,adamnorm_stagemask_001101_k357_lr0p0001
g3_FDA__fourier_d2_s3b2__D00000_seed42__adamnorm_lr0p0003,three_group,fourier+deformable+adamnorm,fourier_deformable_adamnorm,42,fourier_d2_s3b2,D00000_seed42,,adamnorm_stagemask_001101_k357_lr0p0003
g3_FDA__fourier_d2_s3b2__D11011_seed2026__adamnorm_lr0p0001,three_group,fourier+deformable+adamnorm,fourier_deformable_adamnorm,2026,fourier_d2_s3b2,D11011_seed2026,,adamnorm_stagemask_001101_k357_lr0p0001
g3_FDA__fourier_d2_s3b2__D11011_seed2026__adamnorm_lr0p0003,three_group,fourier+deformable+adamnorm,fourier_deformable_adamnorm,2026,fourier_d2_s3b2,D11011_seed2026,,adamnorm_stagemask_001101_k357_lr0p0003
g3_FDA__fourier_d9_s4_all__D11000_seed2026__adamnorm_lr0p0001,three_group,fourier+deformable+adamnorm,fourier_deformable_adamnorm,2026,fourier_d9_s4_all,D11000_seed2026,,adamnorm_stagemask_001101_k357_lr0p0001
g3_FDA__fourier_d9_s4_all__D11000_seed2026__adamnorm_lr0p0003,three_group,fourier+deformable+adamnorm,fourier_deformable_adamnorm,2026,fourier_d9_s4_all,D11000_seed2026,,adamnorm_stagemask_001101_k357_lr0p0003
g3_FDA__fourier_d9_s4_all__D10101_seed2026__adamnorm_lr0p0001,three_group,fourier+deformable+adamnorm,fourier_deformable_adamnorm,2026,fourier_d9_s4_all,D10101_seed2026,,adamnorm_stagemask_001101_k357_lr0p0001
g3_FDA__fourier_d9_s4_all__D10101_seed2026__adamnorm_lr0p0003,three_group,fourier+deformable+adamnorm,fourier_deformable_adamnorm,2026,fourier_d9_s4_all,D10101_seed2026,,adamnorm_stagemask_001101_k357_lr0p0003
g3_FDA__fourier_d9_s4_all__D00000_seed42__adamnorm_lr0p0001,three_group,fourier+deformable+adamnorm,fourier_deformable_adamnorm,42,fourier_d9_s4_all,D00000_seed42,,adamnorm_stagemask_001101_k357_lr0p0001
g3_FDA__fourier_d9_s4_all__D00000_seed42__adamnorm_lr0p0003,three_group,fourier+deformable+adamnorm,fourier_deformable_adamnorm,42,fourier_d9_s4_all,D00000_seed42,,adamnorm_stagemask_001101_k357_lr0p0003
g3_FDA__fourier_d9_s4_all__D11011_seed2026__adamnorm_lr0p0001,three_group,fourier+deformable+adamnorm,fourier_deformable_adamnorm,2026,fourier_d9_s4_all,D11011_seed2026,,adamnorm_stagemask_001101_k357_lr0p0001
g3_FDA__fourier_d9_s4_all__D11011_seed2026__adamnorm_lr0p0003,three_group,fourier+deformable+adamnorm,fourier_deformable_adamnorm,2026,fourier_d9_s4_all,D11011_seed2026,,adamnorm_stagemask_001101_k357_lr0p0003
g3_FDA__fourier_d1_s2b3__D11000_seed2026__adamnorm_lr0p0001,three_group,fourier+deformable+adamnorm,fourier_deformable_adamnorm,2026,fourier_d1_s2b3,D11000_seed2026,,adamnorm_stagemask_001101_k357_lr0p0001
g3_FDA__fourier_d1_s2b3__D11000_seed2026__adamnorm_lr0p0003,three_group,fourier+deformable+adamnorm,fourier_deformable_adamnorm,2026,fourier_d1_s2b3,D11000_seed2026,,adamnorm_stagemask_001101_k357_lr0p0003
g3_FDA__fourier_d1_s2b3__D10101_seed2026__adamnorm_lr0p0001,three_group,fourier+deformable+adamnorm,fourier_deformable_adamnorm,2026,fourier_d1_s2b3,D10101_seed2026,,adamnorm_stagemask_001101_k357_lr0p0001
g3_FDA__fourier_d1_s2b3__D10101_seed2026__adamnorm_lr0p0003,three_group,fourier+deformable+adamnorm,fourier_deformable_adamnorm,2026,fourier_d1_s2b3,D10101_seed2026,,adamnorm_stagemask_001101_k357_lr0p0003
g3_FDA__fourier_d1_s2b3__D00000_seed42__adamnorm_lr0p0001,three_group,fourier+deformable+adamnorm,fourier_deformable_adamnorm,42,fourier_d1_s2b3,D00000_seed42,,adamnorm_stagemask_001101_k357_lr0p0001
g3_FDA__fourier_d1_s2b3__D00000_seed42__adamnorm_lr0p0003,three_group,fourier+deformable+adamnorm,fourier_deformable_adamnorm,42,fourier_d1_s2b3,D00000_seed42,,adamnorm_stagemask_001101_k357_lr0p0003
g3_FDA__fourier_d1_s2b3__D11011_seed2026__adamnorm_lr0p0001,three_group,fourier+deformable+adamnorm,fourier_deformable_adamnorm,2026,fourier_d1_s2b3,D11011_seed2026,,adamnorm_stagemask_001101_k357_lr0p0001
g3_FDA__fourier_d1_s2b3__D11011_seed2026__adamnorm_lr0p0003,three_group,fourier+deformable+adamnorm,fourier_deformable_adamnorm,2026,fourier_d1_s2b3,D11011_seed2026,,adamnorm_stagemask_001101_k357_lr0p0003
g3_FSA__fourier_d2_s3b2__supm_m0p1_s64_t0p1_ls0_lr0p001__adamnorm_lr0p0001,three_group,fourier+supcon_margin+adamnorm,fourier_supcon_margin_adamnorm,2026,fourier_d2_s3b2,,supm_mixnet_s_m0p1_s64_t0p1_ls0_lr0p001_p128_projected,adamnorm_stagemask_001101_k357_lr0p0001
g3_FSA__fourier_d2_s3b2__supm_m0p1_s64_t0p1_ls0_lr0p001__adamnorm_lr0p0003,three_group,fourier+supcon_margin+adamnorm,fourier_supcon_margin_adamnorm,2026,fourier_d2_s3b2,,supm_mixnet_s_m0p1_s64_t0p1_ls0_lr0p001_p128_projected,adamnorm_stagemask_001101_k357_lr0p0003
g3_FSA__fourier_d2_s3b2__supm_m0p05_s30_t0p1_ls1_lr0p0003__adamnorm_lr0p0001,three_group,fourier+supcon_margin+adamnorm,fourier_supcon_margin_adamnorm,2026,fourier_d2_s3b2,,supm_mixnet_s_m0p05_s30_t0p1_ls1_lr0p0003_p128_projected,adamnorm_stagemask_001101_k357_lr0p0001
g3_FSA__fourier_d2_s3b2__supm_m0p05_s30_t0p1_ls1_lr0p0003__adamnorm_lr0p0003,three_group,fourier+supcon_margin+adamnorm,fourier_supcon_margin_adamnorm,2026,fourier_d2_s3b2,,supm_mixnet_s_m0p05_s30_t0p1_ls1_lr0p0003_p128_projected,adamnorm_stagemask_001101_k357_lr0p0003
g3_FSA__fourier_d2_s3b2__supm_m0p05_s30_t0p05_ls1_lr0p0003__adamnorm_lr0p0001,three_group,fourier+supcon_margin+adamnorm,fourier_supcon_margin_adamnorm,2026,fourier_d2_s3b2,,supm_mixnet_s_m0p05_s30_t0p05_ls1_lr0p0003_p128_projected,adamnorm_stagemask_001101_k357_lr0p0001
g3_FSA__fourier_d2_s3b2__supm_m0p05_s30_t0p05_ls1_lr0p0003__adamnorm_lr0p0003,three_group,fourier+supcon_margin+adamnorm,fourier_supcon_margin_adamnorm,2026,fourier_d2_s3b2,,supm_mixnet_s_m0p05_s30_t0p05_ls1_lr0p0003_p128_projected,adamnorm_stagemask_001101_k357_lr0p0003
g3_FSA__fourier_d9_s4_all__supm_m0p1_s64_t0p1_ls0_lr0p001__adamnorm_lr0p0001,three_group,fourier+supcon_margin+adamnorm,fourier_supcon_margin_adamnorm,2026,fourier_d9_s4_all,,supm_mixnet_s_m0p1_s64_t0p1_ls0_lr0p001_p128_projected,adamnorm_stagemask_001101_k357_lr0p0001
g3_FSA__fourier_d9_s4_all__supm_m0p1_s64_t0p1_ls0_lr0p001__adamnorm_lr0p0003,three_group,fourier+supcon_margin+adamnorm,fourier_supcon_margin_adamnorm,2026,fourier_d9_s4_all,,supm_mixnet_s_m0p1_s64_t0p1_ls0_lr0p001_p128_projected,adamnorm_stagemask_001101_k357_lr0p0003
g3_FSA__fourier_d9_s4_all__supm_m0p05_s30_t0p1_ls1_lr0p0003__adamnorm_lr0p0001,three_group,fourier+supcon_margin+adamnorm,fourier_supcon_margin_adamnorm,2026,fourier_d9_s4_all,,supm_mixnet_s_m0p05_s30_t0p1_ls1_lr0p0003_p128_projected,adamnorm_stagemask_001101_k357_lr0p0001
g3_FSA__fourier_d9_s4_all__supm_m0p05_s30_t0p1_ls1_lr0p0003__adamnorm_lr0p0003,three_group,fourier+supcon_margin+adamnorm,fourier_supcon_margin_adamnorm,2026,fourier_d9_s4_all,,supm_mixnet_s_m0p05_s30_t0p1_ls1_lr0p0003_p128_projected,adamnorm_stagemask_001101_k357_lr0p0003
g3_FSA__fourier_d9_s4_all__supm_m0p05_s30_t0p05_ls1_lr0p0003__adamnorm_lr0p0001,three_group,fourier+supcon_margin+adamnorm,fourier_supcon_margin_adamnorm,2026,fourier_d9_s4_all,,supm_mixnet_s_m0p05_s30_t0p05_ls1_lr0p0003_p128_projected,adamnorm_stagemask_001101_k357_lr0p0001
g3_FSA__fourier_d9_s4_all__supm_m0p05_s30_t0p05_ls1_lr0p0003__adamnorm_lr0p0003,three_group,fourier+supcon_margin+adamnorm,fourier_supcon_margin_adamnorm,2026,fourier_d9_s4_all,,supm_mixnet_s_m0p05_s30_t0p05_ls1_lr0p0003_p128_projected,adamnorm_stagemask_001101_k357_lr0p0003
g3_FSA__fourier_d1_s2b3__supm_m0p1_s64_t0p1_ls0_lr0p001__adamnorm_lr0p0001,three_group,fourier+supcon_margin+adamnorm,fourier_supcon_margin_adamnorm,2026,fourier_d1_s2b3,,supm_mixnet_s_m0p1_s64_t0p1_ls0_lr0p001_p128_projected,adamnorm_stagemask_001101_k357_lr0p0001
g3_FSA__fourier_d1_s2b3__supm_m0p1_s64_t0p1_ls0_lr0p001__adamnorm_lr0p0003,three_group,fourier+supcon_margin+adamnorm,fourier_supcon_margin_adamnorm,2026,fourier_d1_s2b3,,supm_mixnet_s_m0p1_s64_t0p1_ls0_lr0p001_p128_projected,adamnorm_stagemask_001101_k357_lr0p0003
g3_FSA__fourier_d1_s2b3__supm_m0p05_s30_t0p1_ls1_lr0p0003__adamnorm_lr0p0001,three_group,fourier+supcon_margin+adamnorm,fourier_supcon_margin_adamnorm,2026,fourier_d1_s2b3,,supm_mixnet_s_m0p05_s30_t0p1_ls1_lr0p0003_p128_projected,adamnorm_stagemask_001101_k357_lr0p0001
g3_FSA__fourier_d1_s2b3__supm_m0p05_s30_t0p1_ls1_lr0p0003__adamnorm_lr0p0003,three_group,fourier+supcon_margin+adamnorm,fourier_supcon_margin_adamnorm,2026,fourier_d1_s2b3,,supm_mixnet_s_m0p05_s30_t0p1_ls1_lr0p0003_p128_projected,adamnorm_stagemask_001101_k357_lr0p0003
g3_FSA__fourier_d1_s2b3__supm_m0p05_s30_t0p05_ls1_lr0p0003__adamnorm_lr0p0001,three_group,fourier+supcon_margin+adamnorm,fourier_supcon_margin_adamnorm,2026,fourier_d1_s2b3,,supm_mixnet_s_m0p05_s30_t0p05_ls1_lr0p0003_p128_projected,adamnorm_stagemask_001101_k357_lr0p0001
g3_FSA__fourier_d1_s2b3__supm_m0p05_s30_t0p05_ls1_lr0p0003__adamnorm_lr0p0003,three_group,fourier+supcon_margin+adamnorm,fourier_supcon_margin_adamnorm,2026,fourier_d1_s2b3,,supm_mixnet_s_m0p05_s30_t0p05_ls1_lr0p0003_p128_projected,adamnorm_stagemask_001101_k357_lr0p0003
g3_DSA__D11000_seed2026__supm_m0p1_s64_t0p1_ls0_lr0p001__adamnorm_lr0p0001,three_group,deformable+supcon_margin+adamnorm,deformable_supcon_margin_adamnorm,2026,,D11000_seed2026,supm_mixnet_s_m0p1_s64_t0p1_ls0_lr0p001_p128_projected,adamnorm_stagemask_001101_k357_lr0p0001
g3_DSA__D11000_seed2026__supm_m0p1_s64_t0p1_ls0_lr0p001__adamnorm_lr0p0003,three_group,deformable+supcon_margin+adamnorm,deformable_supcon_margin_adamnorm,2026,,D11000_seed2026,supm_mixnet_s_m0p1_s64_t0p1_ls0_lr0p001_p128_projected,adamnorm_stagemask_001101_k357_lr0p0003
g3_DSA__D11000_seed2026__supm_m0p05_s30_t0p1_ls1_lr0p0003__adamnorm_lr0p0001,three_group,deformable+supcon_margin+adamnorm,deformable_supcon_margin_adamnorm,2026,,D11000_seed2026,supm_mixnet_s_m0p05_s30_t0p1_ls1_lr0p0003_p128_projected,adamnorm_stagemask_001101_k357_lr0p0001
g3_DSA__D11000_seed2026__supm_m0p05_s30_t0p1_ls1_lr0p0003__adamnorm_lr0p0003,three_group,deformable+supcon_margin+adamnorm,deformable_supcon_margin_adamnorm,2026,,D11000_seed2026,supm_mixnet_s_m0p05_s30_t0p1_ls1_lr0p0003_p128_projected,adamnorm_stagemask_001101_k357_lr0p0003
g3_DSA__D11000_seed2026__supm_m0p05_s30_t0p05_ls1_lr0p0003__adamnorm_lr0p0001,three_group,deformable+supcon_margin+adamnorm,deformable_supcon_margin_adamnorm,2026,,D11000_seed2026,supm_mixnet_s_m0p05_s30_t0p05_ls1_lr0p0003_p128_projected,adamnorm_stagemask_001101_k357_lr0p0001
g3_DSA__D11000_seed2026__supm_m0p05_s30_t0p05_ls1_lr0p0003__adamnorm_lr0p0003,three_group,deformable+supcon_margin+adamnorm,deformable_supcon_margin_adamnorm,2026,,D11000_seed2026,supm_mixnet_s_m0p05_s30_t0p05_ls1_lr0p0003_p128_projected,adamnorm_stagemask_001101_k357_lr0p0003
g3_DSA__D10101_seed2026__supm_m0p1_s64_t0p1_ls0_lr0p001__adamnorm_lr0p0001,three_group,deformable+supcon_margin+adamnorm,deformable_supcon_margin_adamnorm,2026,,D10101_seed2026,supm_mixnet_s_m0p1_s64_t0p1_ls0_lr0p001_p128_projected,adamnorm_stagemask_001101_k357_lr0p0001
g3_DSA__D10101_seed2026__supm_m0p1_s64_t0p1_ls0_lr0p001__adamnorm_lr0p0003,three_group,deformable+supcon_margin+adamnorm,deformable_supcon_margin_adamnorm,2026,,D10101_seed2026,supm_mixnet_s_m0p1_s64_t0p1_ls0_lr0p001_p128_projected,adamnorm_stagemask_001101_k357_lr0p0003
g3_DSA__D10101_seed2026__supm_m0p05_s30_t0p1_ls1_lr0p0003__adamnorm_lr0p0001,three_group,deformable+supcon_margin+adamnorm,deformable_supcon_margin_adamnorm,2026,,D10101_seed2026,supm_mixnet_s_m0p05_s30_t0p1_ls1_lr0p0003_p128_projected,adamnorm_stagemask_001101_k357_lr0p0001
g3_DSA__D10101_seed2026__supm_m0p05_s30_t0p1_ls1_lr0p0003__adamnorm_lr0p0003,three_group,deformable+supcon_margin+adamnorm,deformable_supcon_margin_adamnorm,2026,,D10101_seed2026,supm_mixnet_s_m0p05_s30_t0p1_ls1_lr0p0003_p128_projected,adamnorm_stagemask_001101_k357_lr0p0003
g3_DSA__D10101_seed2026__supm_m0p05_s30_t0p05_ls1_lr0p0003__adamnorm_lr0p0001,three_group,deformable+supcon_margin+adamnorm,deformable_supcon_margin_adamnorm,2026,,D10101_seed2026,supm_mixnet_s_m0p05_s30_t0p05_ls1_lr0p0003_p128_projected,adamnorm_stagemask_001101_k357_lr0p0001
g3_DSA__D10101_seed2026__supm_m0p05_s30_t0p05_ls1_lr0p0003__adamnorm_lr0p0003,three_group,deformable+supcon_margin+adamnorm,deformable_supcon_margin_adamnorm,2026,,D10101_seed2026,supm_mixnet_s_m0p05_s30_t0p05_ls1_lr0p0003_p128_projected,adamnorm_stagemask_001101_k357_lr0p0003
g3_DSA__D00000_seed42__supm_m0p1_s64_t0p1_ls0_lr0p001__adamnorm_lr0p0001,three_group,deformable+supcon_margin+adamnorm,deformable_supcon_margin_adamnorm,42,,D00000_seed42,supm_mixnet_s_m0p1_s64_t0p1_ls0_lr0p001_p128_projected,adamnorm_stagemask_001101_k357_lr0p0001
g3_DSA__D00000_seed42__supm_m0p1_s64_t0p1_ls0_lr0p001__adamnorm_lr0p0003,three_group,deformable+supcon_margin+adamnorm,deformable_supcon_margin_adamnorm,42,,D00000_seed42,supm_mixnet_s_m0p1_s64_t0p1_ls0_lr0p001_p128_projected,adamnorm_stagemask_001101_k357_lr0p0003
g3_DSA__D00000_seed42__supm_m0p05_s30_t0p1_ls1_lr0p0003__adamnorm_lr0p0001,three_group,deformable+supcon_margin+adamnorm,deformable_supcon_margin_adamnorm,42,,D00000_seed42,supm_mixnet_s_m0p05_s30_t0p1_ls1_lr0p0003_p128_projected,adamnorm_stagemask_001101_k357_lr0p0001
g3_DSA__D00000_seed42__supm_m0p05_s30_t0p1_ls1_lr0p0003__adamnorm_lr0p0003,three_group,deformable+supcon_margin+adamnorm,deformable_supcon_margin_adamnorm,42,,D00000_seed42,supm_mixnet_s_m0p05_s30_t0p1_ls1_lr0p0003_p128_projected,adamnorm_stagemask_001101_k357_lr0p0003
g3_DSA__D00000_seed42__supm_m0p05_s30_t0p05_ls1_lr0p0003__adamnorm_lr0p0001,three_group,deformable+supcon_margin+adamnorm,deformable_supcon_margin_adamnorm,42,,D00000_seed42,supm_mixnet_s_m0p05_s30_t0p05_ls1_lr0p0003_p128_projected,adamnorm_stagemask_001101_k357_lr0p0001
g3_DSA__D00000_seed42__supm_m0p05_s30_t0p05_ls1_lr0p0003__adamnorm_lr0p0003,three_group,deformable+supcon_margin+adamnorm,deformable_supcon_margin_adamnorm,42,,D00000_seed42,supm_mixnet_s_m0p05_s30_t0p05_ls1_lr0p0003_p128_projected,adamnorm_stagemask_001101_k357_lr0p0003
g3_DSA__D11011_seed2026__supm_m0p1_s64_t0p1_ls0_lr0p001__adamnorm_lr0p0001,three_group,deformable+supcon_margin+adamnorm,deformable_supcon_margin_adamnorm,2026,,D11011_seed2026,supm_mixnet_s_m0p1_s64_t0p1_ls0_lr0p001_p128_projected,adamnorm_stagemask_001101_k357_lr0p0001
g3_DSA__D11011_seed2026__supm_m0p1_s64_t0p1_ls0_lr0p001__adamnorm_lr0p0003,three_group,deformable+supcon_margin+adamnorm,deformable_supcon_margin_adamnorm,2026,,D11011_seed2026,supm_mixnet_s_m0p1_s64_t0p1_ls0_lr0p001_p128_projected,adamnorm_stagemask_001101_k357_lr0p0003
g3_DSA__D11011_seed2026__supm_m0p05_s30_t0p1_ls1_lr0p0003__adamnorm_lr0p0001,three_group,deformable+supcon_margin+adamnorm,deformable_supcon_margin_adamnorm,2026,,D11011_seed2026,supm_mixnet_s_m0p05_s30_t0p1_ls1_lr0p0003_p128_projected,adamnorm_stagemask_001101_k357_lr0p0001
g3_DSA__D11011_seed2026__supm_m0p05_s30_t0p1_ls1_lr0p0003__adamnorm_lr0p0003,three_group,deformable+supcon_margin+adamnorm,deformable_supcon_margin_adamnorm,2026,,D11011_seed2026,supm_mixnet_s_m0p05_s30_t0p1_ls1_lr0p0003_p128_projected,adamnorm_stagemask_001101_k357_lr0p0003
g3_DSA__D11011_seed2026__supm_m0p05_s30_t0p05_ls1_lr0p0003__adamnorm_lr0p0001,three_group,deformable+supcon_margin+adamnorm,deformable_supcon_margin_adamnorm,2026,,D11011_seed2026,supm_mixnet_s_m0p05_s30_t0p05_ls1_lr0p0003_p128_projected,adamnorm_stagemask_001101_k357_lr0p0001
g3_DSA__D11011_seed2026__supm_m0p05_s30_t0p05_ls1_lr0p0003__adamnorm_lr0p0003,three_group,deformable+supcon_margin+adamnorm,deformable_supcon_margin_adamnorm,2026,,D11011_seed2026,supm_mixnet_s_m0p05_s30_t0p05_ls1_lr0p0003_p128_projected,adamnorm_stagemask_001101_k357_lr0p0003
g4_FDSA__fourier_d2_s3b2__D11000_seed2026__supm_m0p1_s64_t0p1_ls0_lr0p001__adamnorm_lr0p0001,four_group,fourier+deformable+supcon_margin+adamnorm,fourier_deformable_supcon_margin_adamnorm,2026,fourier_d2_s3b2,D11000_seed2026,supm_mixnet_s_m0p1_s64_t0p1_ls0_lr0p001_p128_projected,adamnorm_stagemask_001101_k357_lr0p0001
g4_FDSA__fourier_d2_s3b2__D11000_seed2026__supm_m0p1_s64_t0p1_ls0_lr0p001__adamnorm_lr0p0003,four_group,fourier+deformable+supcon_margin+adamnorm,fourier_deformable_supcon_margin_adamnorm,2026,fourier_d2_s3b2,D11000_seed2026,supm_mixnet_s_m0p1_s64_t0p1_ls0_lr0p001_p128_projected,adamnorm_stagemask_001101_k357_lr0p0003
g4_FDSA__fourier_d2_s3b2__D11000_seed2026__supm_m0p05_s30_t0p1_ls1_lr0p0003__adamnorm_lr0p0001,four_group,fourier+deformable+supcon_margin+adamnorm,fourier_deformable_supcon_margin_adamnorm,2026,fourier_d2_s3b2,D11000_seed2026,supm_mixnet_s_m0p05_s30_t0p1_ls1_lr0p0003_p128_projected,adamnorm_stagemask_001101_k357_lr0p0001
g4_FDSA__fourier_d2_s3b2__D11000_seed2026__supm_m0p05_s30_t0p1_ls1_lr0p0003__adamnorm_lr0p0003,four_group,fourier+deformable+supcon_margin+adamnorm,fourier_deformable_supcon_margin_adamnorm,2026,fourier_d2_s3b2,D11000_seed2026,supm_mixnet_s_m0p05_s30_t0p1_ls1_lr0p0003_p128_projected,adamnorm_stagemask_001101_k357_lr0p0003
g4_FDSA__fourier_d2_s3b2__D11000_seed2026__supm_m0p05_s30_t0p05_ls1_lr0p0003__adamnorm_lr0p0001,four_group,fourier+deformable+supcon_margin+adamnorm,fourier_deformable_supcon_margin_adamnorm,2026,fourier_d2_s3b2,D11000_seed2026,supm_mixnet_s_m0p05_s30_t0p05_ls1_lr0p0003_p128_projected,adamnorm_stagemask_001101_k357_lr0p0001
g4_FDSA__fourier_d2_s3b2__D11000_seed2026__supm_m0p05_s30_t0p05_ls1_lr0p0003__adamnorm_lr0p0003,four_group,fourier+deformable+supcon_margin+adamnorm,fourier_deformable_supcon_margin_adamnorm,2026,fourier_d2_s3b2,D11000_seed2026,supm_mixnet_s_m0p05_s30_t0p05_ls1_lr0p0003_p128_projected,adamnorm_stagemask_001101_k357_lr0p0003
g4_FDSA__fourier_d2_s3b2__D10101_seed2026__supm_m0p1_s64_t0p1_ls0_lr0p001__adamnorm_lr0p0001,four_group,fourier+deformable+supcon_margin+adamnorm,fourier_deformable_supcon_margin_adamnorm,2026,fourier_d2_s3b2,D10101_seed2026,supm_mixnet_s_m0p1_s64_t0p1_ls0_lr0p001_p128_projected,adamnorm_stagemask_001101_k357_lr0p0001
g4_FDSA__fourier_d2_s3b2__D10101_seed2026__supm_m0p1_s64_t0p1_ls0_lr0p001__adamnorm_lr0p0003,four_group,fourier+deformable+supcon_margin+adamnorm,fourier_deformable_supcon_margin_adamnorm,2026,fourier_d2_s3b2,D10101_seed2026,supm_mixnet_s_m0p1_s64_t0p1_ls0_lr0p001_p128_projected,adamnorm_stagemask_001101_k357_lr0p0003
g4_FDSA__fourier_d2_s3b2__D10101_seed2026__supm_m0p05_s30_t0p1_ls1_lr0p0003__adamnorm_lr0p0001,four_group,fourier+deformable+supcon_margin+adamnorm,fourier_deformable_supcon_margin_adamnorm,2026,fourier_d2_s3b2,D10101_seed2026,supm_mixnet_s_m0p05_s30_t0p1_ls1_lr0p0003_p128_projected,adamnorm_stagemask_001101_k357_lr0p0001
g4_FDSA__fourier_d2_s3b2__D10101_seed2026__supm_m0p05_s30_t0p1_ls1_lr0p0003__adamnorm_lr0p0003,four_group,fourier+deformable+supcon_margin+adamnorm,fourier_deformable_supcon_margin_adamnorm,2026,fourier_d2_s3b2,D10101_seed2026,supm_mixnet_s_m0p05_s30_t0p1_ls1_lr0p0003_p128_projected,adamnorm_stagemask_001101_k357_lr0p0003
g4_FDSA__fourier_d2_s3b2__D10101_seed2026__supm_m0p05_s30_t0p05_ls1_lr0p0003__adamnorm_lr0p0001,four_group,fourier+deformable+supcon_margin+adamnorm,fourier_deformable_supcon_margin_adamnorm,2026,fourier_d2_s3b2,D10101_seed2026,supm_mixnet_s_m0p05_s30_t0p05_ls1_lr0p0003_p128_projected,adamnorm_stagemask_001101_k357_lr0p0001
g4_FDSA__fourier_d2_s3b2__D10101_seed2026__supm_m0p05_s30_t0p05_ls1_lr0p0003__adamnorm_lr0p0003,four_group,fourier+deformable+supcon_margin+adamnorm,fourier_deformable_supcon_margin_adamnorm,2026,fourier_d2_s3b2,D10101_seed2026,supm_mixnet_s_m0p05_s30_t0p05_ls1_lr0p0003_p128_projected,adamnorm_stagemask_001101_k357_lr0p0003
g4_FDSA__fourier_d2_s3b2__D00000_seed42__supm_m0p1_s64_t0p1_ls0_lr0p001__adamnorm_lr0p0001,four_group,fourier+deformable+supcon_margin+adamnorm,fourier_deformable_supcon_margin_adamnorm,42,fourier_d2_s3b2,D00000_seed42,supm_mixnet_s_m0p1_s64_t0p1_ls0_lr0p001_p128_projected,adamnorm_stagemask_001101_k357_lr0p0001
g4_FDSA__fourier_d2_s3b2__D00000_seed42__supm_m0p1_s64_t0p1_ls0_lr0p001__adamnorm_lr0p0003,four_group,fourier+deformable+supcon_margin+adamnorm,fourier_deformable_supcon_margin_adamnorm,42,fourier_d2_s3b2,D00000_seed42,supm_mixnet_s_m0p1_s64_t0p1_ls0_lr0p001_p128_projected,adamnorm_stagemask_001101_k357_lr0p0003
g4_FDSA__fourier_d2_s3b2__D00000_seed42__supm_m0p05_s30_t0p1_ls1_lr0p0003__adamnorm_lr0p0001,four_group,fourier+deformable+supcon_margin+adamnorm,fourier_deformable_supcon_margin_adamnorm,42,fourier_d2_s3b2,D00000_seed42,supm_mixnet_s_m0p05_s30_t0p1_ls1_lr0p0003_p128_projected,adamnorm_stagemask_001101_k357_lr0p0001
g4_FDSA__fourier_d2_s3b2__D00000_seed42__supm_m0p05_s30_t0p1_ls1_lr0p0003__adamnorm_lr0p0003,four_group,fourier+deformable+supcon_margin+adamnorm,fourier_deformable_supcon_margin_adamnorm,42,fourier_d2_s3b2,D00000_seed42,supm_mixnet_s_m0p05_s30_t0p1_ls1_lr0p0003_p128_projected,adamnorm_stagemask_001101_k357_lr0p0003
g4_FDSA__fourier_d2_s3b2__D00000_seed42__supm_m0p05_s30_t0p05_ls1_lr0p0003__adamnorm_lr0p0001,four_group,fourier+deformable+supcon_margin+adamnorm,fourier_deformable_supcon_margin_adamnorm,42,fourier_d2_s3b2,D00000_seed42,supm_mixnet_s_m0p05_s30_t0p05_ls1_lr0p0003_p128_projected,adamnorm_stagemask_001101_k357_lr0p0001
g4_FDSA__fourier_d2_s3b2__D00000_seed42__supm_m0p05_s30_t0p05_ls1_lr0p0003__adamnorm_lr0p0003,four_group,fourier+deformable+supcon_margin+adamnorm,fourier_deformable_supcon_margin_adamnorm,42,fourier_d2_s3b2,D00000_seed42,supm_mixnet_s_m0p05_s30_t0p05_ls1_lr0p0003_p128_projected,adamnorm_stagemask_001101_k357_lr0p0003
g4_FDSA__fourier_d2_s3b2__D11011_seed2026__supm_m0p1_s64_t0p1_ls0_lr0p001__adamnorm_lr0p0001,four_group,fourier+deformable+supcon_margin+adamnorm,fourier_deformable_supcon_margin_adamnorm,2026,fourier_d2_s3b2,D11011_seed2026,supm_mixnet_s_m0p1_s64_t0p1_ls0_lr0p001_p128_projected,adamnorm_stagemask_001101_k357_lr0p0001
g4_FDSA__fourier_d2_s3b2__D11011_seed2026__supm_m0p1_s64_t0p1_ls0_lr0p001__adamnorm_lr0p0003,four_group,fourier+deformable+supcon_margin+adamnorm,fourier_deformable_supcon_margin_adamnorm,2026,fourier_d2_s3b2,D11011_seed2026,supm_mixnet_s_m0p1_s64_t0p1_ls0_lr0p001_p128_projected,adamnorm_stagemask_001101_k357_lr0p0003
g4_FDSA__fourier_d2_s3b2__D11011_seed2026__supm_m0p05_s30_t0p1_ls1_lr0p0003__adamnorm_lr0p0001,four_group,fourier+deformable+supcon_margin+adamnorm,fourier_deformable_supcon_margin_adamnorm,2026,fourier_d2_s3b2,D11011_seed2026,supm_mixnet_s_m0p05_s30_t0p1_ls1_lr0p0003_p128_projected,adamnorm_stagemask_001101_k357_lr0p0001
g4_FDSA__fourier_d2_s3b2__D11011_seed2026__supm_m0p05_s30_t0p1_ls1_lr0p0003__adamnorm_lr0p0003,four_group,fourier+deformable+supcon_margin+adamnorm,fourier_deformable_supcon_margin_adamnorm,2026,fourier_d2_s3b2,D11011_seed2026,supm_mixnet_s_m0p05_s30_t0p1_ls1_lr0p0003_p128_projected,adamnorm_stagemask_001101_k357_lr0p0003
g4_FDSA__fourier_d2_s3b2__D11011_seed2026__supm_m0p05_s30_t0p05_ls1_lr0p0003__adamnorm_lr0p0001,four_group,fourier+deformable+supcon_margin+adamnorm,fourier_deformable_supcon_margin_adamnorm,2026,fourier_d2_s3b2,D11011_seed2026,supm_mixnet_s_m0p05_s30_t0p05_ls1_lr0p0003_p128_projected,adamnorm_stagemask_001101_k357_lr0p0001
g4_FDSA__fourier_d2_s3b2__D11011_seed2026__supm_m0p05_s30_t0p05_ls1_lr0p0003__adamnorm_lr0p0003,four_group,fourier+deformable+supcon_margin+adamnorm,fourier_deformable_supcon_margin_adamnorm,2026,fourier_d2_s3b2,D11011_seed2026,supm_mixnet_s_m0p05_s30_t0p05_ls1_lr0p0003_p128_projected,adamnorm_stagemask_001101_k357_lr0p0003
g4_FDSA__fourier_d9_s4_all__D11000_seed2026__supm_m0p1_s64_t0p1_ls0_lr0p001__adamnorm_lr0p0001,four_group,fourier+deformable+supcon_margin+adamnorm,fourier_deformable_supcon_margin_adamnorm,2026,fourier_d9_s4_all,D11000_seed2026,supm_mixnet_s_m0p1_s64_t0p1_ls0_lr0p001_p128_projected,adamnorm_stagemask_001101_k357_lr0p0001
g4_FDSA__fourier_d9_s4_all__D11000_seed2026__supm_m0p1_s64_t0p1_ls0_lr0p001__adamnorm_lr0p0003,four_group,fourier+deformable+supcon_margin+adamnorm,fourier_deformable_supcon_margin_adamnorm,2026,fourier_d9_s4_all,D11000_seed2026,supm_mixnet_s_m0p1_s64_t0p1_ls0_lr0p001_p128_projected,adamnorm_stagemask_001101_k357_lr0p0003
g4_FDSA__fourier_d9_s4_all__D11000_seed2026__supm_m0p05_s30_t0p1_ls1_lr0p0003__adamnorm_lr0p0001,four_group,fourier+deformable+supcon_margin+adamnorm,fourier_deformable_supcon_margin_adamnorm,2026,fourier_d9_s4_all,D11000_seed2026,supm_mixnet_s_m0p05_s30_t0p1_ls1_lr0p0003_p128_projected,adamnorm_stagemask_001101_k357_lr0p0001
g4_FDSA__fourier_d9_s4_all__D11000_seed2026__supm_m0p05_s30_t0p1_ls1_lr0p0003__adamnorm_lr0p0003,four_group,fourier+deformable+supcon_margin+adamnorm,fourier_deformable_supcon_margin_adamnorm,2026,fourier_d9_s4_all,D11000_seed2026,supm_mixnet_s_m0p05_s30_t0p1_ls1_lr0p0003_p128_projected,adamnorm_stagemask_001101_k357_lr0p0003
g4_FDSA__fourier_d9_s4_all__D11000_seed2026__supm_m0p05_s30_t0p05_ls1_lr0p0003__adamnorm_lr0p0001,four_group,fourier+deformable+supcon_margin+adamnorm,fourier_deformable_supcon_margin_adamnorm,2026,fourier_d9_s4_all,D11000_seed2026,supm_mixnet_s_m0p05_s30_t0p05_ls1_lr0p0003_p128_projected,adamnorm_stagemask_001101_k357_lr0p0001
g4_FDSA__fourier_d9_s4_all__D11000_seed2026__supm_m0p05_s30_t0p05_ls1_lr0p0003__adamnorm_lr0p0003,four_group,fourier+deformable+supcon_margin+adamnorm,fourier_deformable_supcon_margin_adamnorm,2026,fourier_d9_s4_all,D11000_seed2026,supm_mixnet_s_m0p05_s30_t0p05_ls1_lr0p0003_p128_projected,adamnorm_stagemask_001101_k357_lr0p0003
g4_FDSA__fourier_d9_s4_all__D10101_seed2026__supm_m0p1_s64_t0p1_ls0_lr0p001__adamnorm_lr0p0001,four_group,fourier+deformable+supcon_margin+adamnorm,fourier_deformable_supcon_margin_adamnorm,2026,fourier_d9_s4_all,D10101_seed2026,supm_mixnet_s_m0p1_s64_t0p1_ls0_lr0p001_p128_projected,adamnorm_stagemask_001101_k357_lr0p0001
g4_FDSA__fourier_d9_s4_all__D10101_seed2026__supm_m0p1_s64_t0p1_ls0_lr0p001__adamnorm_lr0p0003,four_group,fourier+deformable+supcon_margin+adamnorm,fourier_deformable_supcon_margin_adamnorm,2026,fourier_d9_s4_all,D10101_seed2026,supm_mixnet_s_m0p1_s64_t0p1_ls0_lr0p001_p128_projected,adamnorm_stagemask_001101_k357_lr0p0003
g4_FDSA__fourier_d9_s4_all__D10101_seed2026__supm_m0p05_s30_t0p1_ls1_lr0p0003__adamnorm_lr0p0001,four_group,fourier+deformable+supcon_margin+adamnorm,fourier_deformable_supcon_margin_adamnorm,2026,fourier_d9_s4_all,D10101_seed2026,supm_mixnet_s_m0p05_s30_t0p1_ls1_lr0p0003_p128_projected,adamnorm_stagemask_001101_k357_lr0p0001
g4_FDSA__fourier_d9_s4_all__D10101_seed2026__supm_m0p05_s30_t0p1_ls1_lr0p0003__adamnorm_lr0p0003,four_group,fourier+deformable+supcon_margin+adamnorm,fourier_deformable_supcon_margin_adamnorm,2026,fourier_d9_s4_all,D10101_seed2026,supm_mixnet_s_m0p05_s30_t0p1_ls1_lr0p0003_p128_projected,adamnorm_stagemask_001101_k357_lr0p0003
g4_FDSA__fourier_d9_s4_all__D10101_seed2026__supm_m0p05_s30_t0p05_ls1_lr0p0003__adamnorm_lr0p0001,four_group,fourier+deformable+supcon_margin+adamnorm,fourier_deformable_supcon_margin_adamnorm,2026,fourier_d9_s4_all,D10101_seed2026,supm_mixnet_s_m0p05_s30_t0p05_ls1_lr0p0003_p128_projected,adamnorm_stagemask_001101_k357_lr0p0001
g4_FDSA__fourier_d9_s4_all__D10101_seed2026__supm_m0p05_s30_t0p05_ls1_lr0p0003__adamnorm_lr0p0003,four_group,fourier+deformable+supcon_margin+adamnorm,fourier_deformable_supcon_margin_adamnorm,2026,fourier_d9_s4_all,D10101_seed2026,supm_mixnet_s_m0p05_s30_t0p05_ls1_lr0p0003_p128_projected,adamnorm_stagemask_001101_k357_lr0p0003
g4_FDSA__fourier_d9_s4_all__D00000_seed42__supm_m0p1_s64_t0p1_ls0_lr0p001__adamnorm_lr0p0001,four_group,fourier+deformable+supcon_margin+adamnorm,fourier_deformable_supcon_margin_adamnorm,42,fourier_d9_s4_all,D00000_seed42,supm_mixnet_s_m0p1_s64_t0p1_ls0_lr0p001_p128_projected,adamnorm_stagemask_001101_k357_lr0p0001
g4_FDSA__fourier_d9_s4_all__D00000_seed42__supm_m0p1_s64_t0p1_ls0_lr0p001__adamnorm_lr0p0003,four_group,fourier+deformable+supcon_margin+adamnorm,fourier_deformable_supcon_margin_adamnorm,42,fourier_d9_s4_all,D00000_seed42,supm_mixnet_s_m0p1_s64_t0p1_ls0_lr0p001_p128_projected,adamnorm_stagemask_001101_k357_lr0p0003
g4_FDSA__fourier_d9_s4_all__D00000_seed42__supm_m0p05_s30_t0p1_ls1_lr0p0003__adamnorm_lr0p0001,four_group,fourier+deformable+supcon_margin+adamnorm,fourier_deformable_supcon_margin_adamnorm,42,fourier_d9_s4_all,D00000_seed42,supm_mixnet_s_m0p05_s30_t0p1_ls1_lr0p0003_p128_projected,adamnorm_stagemask_001101_k357_lr0p0001
g4_FDSA__fourier_d9_s4_all__D00000_seed42__supm_m0p05_s30_t0p1_ls1_lr0p0003__adamnorm_lr0p0003,four_group,fourier+deformable+supcon_margin+adamnorm,fourier_deformable_supcon_margin_adamnorm,42,fourier_d9_s4_all,D00000_seed42,supm_mixnet_s_m0p05_s30_t0p1_ls1_lr0p0003_p128_projected,adamnorm_stagemask_001101_k357_lr0p0003
g4_FDSA__fourier_d9_s4_all__D00000_seed42__supm_m0p05_s30_t0p05_ls1_lr0p0003__adamnorm_lr0p0001,four_group,fourier+deformable+supcon_margin+adamnorm,fourier_deformable_supcon_margin_adamnorm,42,fourier_d9_s4_all,D00000_seed42,supm_mixnet_s_m0p05_s30_t0p05_ls1_lr0p0003_p128_projected,adamnorm_stagemask_001101_k357_lr0p0001
g4_FDSA__fourier_d9_s4_all__D00000_seed42__supm_m0p05_s30_t0p05_ls1_lr0p0003__adamnorm_lr0p0003,four_group,fourier+deformable+supcon_margin+adamnorm,fourier_deformable_supcon_margin_adamnorm,42,fourier_d9_s4_all,D00000_seed42,supm_mixnet_s_m0p05_s30_t0p05_ls1_lr0p0003_p128_projected,adamnorm_stagemask_001101_k357_lr0p0003
g4_FDSA__fourier_d9_s4_all__D11011_seed2026__supm_m0p1_s64_t0p1_ls0_lr0p001__adamnorm_lr0p0001,four_group,fourier+deformable+supcon_margin+adamnorm,fourier_deformable_supcon_margin_adamnorm,2026,fourier_d9_s4_all,D11011_seed2026,supm_mixnet_s_m0p1_s64_t0p1_ls0_lr0p001_p128_projected,adamnorm_stagemask_001101_k357_lr0p0001
g4_FDSA__fourier_d9_s4_all__D11011_seed2026__supm_m0p1_s64_t0p1_ls0_lr0p001__adamnorm_lr0p0003,four_group,fourier+deformable+supcon_margin+adamnorm,fourier_deformable_supcon_margin_adamnorm,2026,fourier_d9_s4_all,D11011_seed2026,supm_mixnet_s_m0p1_s64_t0p1_ls0_lr0p001_p128_projected,adamnorm_stagemask_001101_k357_lr0p0003
g4_FDSA__fourier_d9_s4_all__D11011_seed2026__supm_m0p05_s30_t0p1_ls1_lr0p0003__adamnorm_lr0p0001,four_group,fourier+deformable+supcon_margin+adamnorm,fourier_deformable_supcon_margin_adamnorm,2026,fourier_d9_s4_all,D11011_seed2026,supm_mixnet_s_m0p05_s30_t0p1_ls1_lr0p0003_p128_projected,adamnorm_stagemask_001101_k357_lr0p0001
g4_FDSA__fourier_d9_s4_all__D11011_seed2026__supm_m0p05_s30_t0p1_ls1_lr0p0003__adamnorm_lr0p0003,four_group,fourier+deformable+supcon_margin+adamnorm,fourier_deformable_supcon_margin_adamnorm,2026,fourier_d9_s4_all,D11011_seed2026,supm_mixnet_s_m0p05_s30_t0p1_ls1_lr0p0003_p128_projected,adamnorm_stagemask_001101_k357_lr0p0003
g4_FDSA__fourier_d9_s4_all__D11011_seed2026__supm_m0p05_s30_t0p05_ls1_lr0p0003__adamnorm_lr0p0001,four_group,fourier+deformable+supcon_margin+adamnorm,fourier_deformable_supcon_margin_adamnorm,2026,fourier_d9_s4_all,D11011_seed2026,supm_mixnet_s_m0p05_s30_t0p05_ls1_lr0p0003_p128_projected,adamnorm_stagemask_001101_k357_lr0p0001
g4_FDSA__fourier_d9_s4_all__D11011_seed2026__supm_m0p05_s30_t0p05_ls1_lr0p0003__adamnorm_lr0p0003,four_group,fourier+deformable+supcon_margin+adamnorm,fourier_deformable_supcon_margin_adamnorm,2026,fourier_d9_s4_all,D11011_seed2026,supm_mixnet_s_m0p05_s30_t0p05_ls1_lr0p0003_p128_projected,adamnorm_stagemask_001101_k357_lr0p0003
g4_FDSA__fourier_d1_s2b3__D11000_seed2026__supm_m0p1_s64_t0p1_ls0_lr0p001__adamnorm_lr0p0001,four_group,fourier+deformable+supcon_margin+adamnorm,fourier_deformable_supcon_margin_adamnorm,2026,fourier_d1_s2b3,D11000_seed2026,supm_mixnet_s_m0p1_s64_t0p1_ls0_lr0p001_p128_projected,adamnorm_stagemask_001101_k357_lr0p0001
g4_FDSA__fourier_d1_s2b3__D11000_seed2026__supm_m0p1_s64_t0p1_ls0_lr0p001__adamnorm_lr0p0003,four_group,fourier+deformable+supcon_margin+adamnorm,fourier_deformable_supcon_margin_adamnorm,2026,fourier_d1_s2b3,D11000_seed2026,supm_mixnet_s_m0p1_s64_t0p1_ls0_lr0p001_p128_projected,adamnorm_stagemask_001101_k357_lr0p0003
g4_FDSA__fourier_d1_s2b3__D11000_seed2026__supm_m0p05_s30_t0p1_ls1_lr0p0003__adamnorm_lr0p0001,four_group,fourier+deformable+supcon_margin+adamnorm,fourier_deformable_supcon_margin_adamnorm,2026,fourier_d1_s2b3,D11000_seed2026,supm_mixnet_s_m0p05_s30_t0p1_ls1_lr0p0003_p128_projected,adamnorm_stagemask_001101_k357_lr0p0001
g4_FDSA__fourier_d1_s2b3__D11000_seed2026__supm_m0p05_s30_t0p1_ls1_lr0p0003__adamnorm_lr0p0003,four_group,fourier+deformable+supcon_margin+adamnorm,fourier_deformable_supcon_margin_adamnorm,2026,fourier_d1_s2b3,D11000_seed2026,supm_mixnet_s_m0p05_s30_t0p1_ls1_lr0p0003_p128_projected,adamnorm_stagemask_001101_k357_lr0p0003
g4_FDSA__fourier_d1_s2b3__D11000_seed2026__supm_m0p05_s30_t0p05_ls1_lr0p0003__adamnorm_lr0p0001,four_group,fourier+deformable+supcon_margin+adamnorm,fourier_deformable_supcon_margin_adamnorm,2026,fourier_d1_s2b3,D11000_seed2026,supm_mixnet_s_m0p05_s30_t0p05_ls1_lr0p0003_p128_projected,adamnorm_stagemask_001101_k357_lr0p0001
g4_FDSA__fourier_d1_s2b3__D11000_seed2026__supm_m0p05_s30_t0p05_ls1_lr0p0003__adamnorm_lr0p0003,four_group,fourier+deformable+supcon_margin+adamnorm,fourier_deformable_supcon_margin_adamnorm,2026,fourier_d1_s2b3,D11000_seed2026,supm_mixnet_s_m0p05_s30_t0p05_ls1_lr0p0003_p128_projected,adamnorm_stagemask_001101_k357_lr0p0003
g4_FDSA__fourier_d1_s2b3__D10101_seed2026__supm_m0p1_s64_t0p1_ls0_lr0p001__adamnorm_lr0p0001,four_group,fourier+deformable+supcon_margin+adamnorm,fourier_deformable_supcon_margin_adamnorm,2026,fourier_d1_s2b3,D10101_seed2026,supm_mixnet_s_m0p1_s64_t0p1_ls0_lr0p001_p128_projected,adamnorm_stagemask_001101_k357_lr0p0001
g4_FDSA__fourier_d1_s2b3__D10101_seed2026__supm_m0p1_s64_t0p1_ls0_lr0p001__adamnorm_lr0p0003,four_group,fourier+deformable+supcon_margin+adamnorm,fourier_deformable_supcon_margin_adamnorm,2026,fourier_d1_s2b3,D10101_seed2026,supm_mixnet_s_m0p1_s64_t0p1_ls0_lr0p001_p128_projected,adamnorm_stagemask_001101_k357_lr0p0003
g4_FDSA__fourier_d1_s2b3__D10101_seed2026__supm_m0p05_s30_t0p1_ls1_lr0p0003__adamnorm_lr0p0001,four_group,fourier+deformable+supcon_margin+adamnorm,fourier_deformable_supcon_margin_adamnorm,2026,fourier_d1_s2b3,D10101_seed2026,supm_mixnet_s_m0p05_s30_t0p1_ls1_lr0p0003_p128_projected,adamnorm_stagemask_001101_k357_lr0p0001
g4_FDSA__fourier_d1_s2b3__D10101_seed2026__supm_m0p05_s30_t0p1_ls1_lr0p0003__adamnorm_lr0p0003,four_group,fourier+deformable+supcon_margin+adamnorm,fourier_deformable_supcon_margin_adamnorm,2026,fourier_d1_s2b3,D10101_seed2026,supm_mixnet_s_m0p05_s30_t0p1_ls1_lr0p0003_p128_projected,adamnorm_stagemask_001101_k357_lr0p0003
g4_FDSA__fourier_d1_s2b3__D10101_seed2026__supm_m0p05_s30_t0p05_ls1_lr0p0003__adamnorm_lr0p0001,four_group,fourier+deformable+supcon_margin+adamnorm,fourier_deformable_supcon_margin_adamnorm,2026,fourier_d1_s2b3,D10101_seed2026,supm_mixnet_s_m0p05_s30_t0p05_ls1_lr0p0003_p128_projected,adamnorm_stagemask_001101_k357_lr0p0001
g4_FDSA__fourier_d1_s2b3__D10101_seed2026__supm_m0p05_s30_t0p05_ls1_lr0p0003__adamnorm_lr0p0003,four_group,fourier+deformable+supcon_margin+adamnorm,fourier_deformable_supcon_margin_adamnorm,2026,fourier_d1_s2b3,D10101_seed2026,supm_mixnet_s_m0p05_s30_t0p05_ls1_lr0p0003_p128_projected,adamnorm_stagemask_001101_k357_lr0p0003
g4_FDSA__fourier_d1_s2b3__D00000_seed42__supm_m0p1_s64_t0p1_ls0_lr0p001__adamnorm_lr0p0001,four_group,fourier+deformable+supcon_margin+adamnorm,fourier_deformable_supcon_margin_adamnorm,42,fourier_d1_s2b3,D00000_seed42,supm_mixnet_s_m0p1_s64_t0p1_ls0_lr0p001_p128_projected,adamnorm_stagemask_001101_k357_lr0p0001
g4_FDSA__fourier_d1_s2b3__D00000_seed42__supm_m0p1_s64_t0p1_ls0_lr0p001__adamnorm_lr0p0003,four_group,fourier+deformable+supcon_margin+adamnorm,fourier_deformable_supcon_margin_adamnorm,42,fourier_d1_s2b3,D00000_seed42,supm_mixnet_s_m0p1_s64_t0p1_ls0_lr0p001_p128_projected,adamnorm_stagemask_001101_k357_lr0p0003
g4_FDSA__fourier_d1_s2b3__D00000_seed42__supm_m0p05_s30_t0p1_ls1_lr0p0003__adamnorm_lr0p0001,four_group,fourier+deformable+supcon_margin+adamnorm,fourier_deformable_supcon_margin_adamnorm,42,fourier_d1_s2b3,D00000_seed42,supm_mixnet_s_m0p05_s30_t0p1_ls1_lr0p0003_p128_projected,adamnorm_stagemask_001101_k357_lr0p0001
g4_FDSA__fourier_d1_s2b3__D00000_seed42__supm_m0p05_s30_t0p1_ls1_lr0p0003__adamnorm_lr0p0003,four_group,fourier+deformable+supcon_margin+adamnorm,fourier_deformable_supcon_margin_adamnorm,42,fourier_d1_s2b3,D00000_seed42,supm_mixnet_s_m0p05_s30_t0p1_ls1_lr0p0003_p128_projected,adamnorm_stagemask_001101_k357_lr0p0003
g4_FDSA__fourier_d1_s2b3__D00000_seed42__supm_m0p05_s30_t0p05_ls1_lr0p0003__adamnorm_lr0p0001,four_group,fourier+deformable+supcon_margin+adamnorm,fourier_deformable_supcon_margin_adamnorm,42,fourier_d1_s2b3,D00000_seed42,supm_mixnet_s_m0p05_s30_t0p05_ls1_lr0p0003_p128_projected,adamnorm_stagemask_001101_k357_lr0p0001
g4_FDSA__fourier_d1_s2b3__D00000_seed42__supm_m0p05_s30_t0p05_ls1_lr0p0003__adamnorm_lr0p0003,four_group,fourier+deformable+supcon_margin+adamnorm,fourier_deformable_supcon_margin_adamnorm,42,fourier_d1_s2b3,D00000_seed42,supm_mixnet_s_m0p05_s30_t0p05_ls1_lr0p0003_p128_projected,adamnorm_stagemask_001101_k357_lr0p0003
g4_FDSA__fourier_d1_s2b3__D11011_seed2026__supm_m0p1_s64_t0p1_ls0_lr0p001__adamnorm_lr0p0001,four_group,fourier+deformable+supcon_margin+adamnorm,fourier_deformable_supcon_margin_adamnorm,2026,fourier_d1_s2b3,D11011_seed2026,supm_mixnet_s_m0p1_s64_t0p1_ls0_lr0p001_p128_projected,adamnorm_stagemask_001101_k357_lr0p0001
g4_FDSA__fourier_d1_s2b3__D11011_seed2026__supm_m0p1_s64_t0p1_ls0_lr0p001__adamnorm_lr0p0003,four_group,fourier+deformable+supcon_margin+adamnorm,fourier_deformable_supcon_margin_adamnorm,2026,fourier_d1_s2b3,D11011_seed2026,supm_mixnet_s_m0p1_s64_t0p1_ls0_lr0p001_p128_projected,adamnorm_stagemask_001101_k357_lr0p0003
g4_FDSA__fourier_d1_s2b3__D11011_seed2026__supm_m0p05_s30_t0p1_ls1_lr0p0003__adamnorm_lr0p0001,four_group,fourier+deformable+supcon_margin+adamnorm,fourier_deformable_supcon_margin_adamnorm,2026,fourier_d1_s2b3,D11011_seed2026,supm_mixnet_s_m0p05_s30_t0p1_ls1_lr0p0003_p128_projected,adamnorm_stagemask_001101_k357_lr0p0001
g4_FDSA__fourier_d1_s2b3__D11011_seed2026__supm_m0p05_s30_t0p1_ls1_lr0p0003__adamnorm_lr0p0003,four_group,fourier+deformable+supcon_margin+adamnorm,fourier_deformable_supcon_margin_adamnorm,2026,fourier_d1_s2b3,D11011_seed2026,supm_mixnet_s_m0p05_s30_t0p1_ls1_lr0p0003_p128_projected,adamnorm_stagemask_001101_k357_lr0p0003
g4_FDSA__fourier_d1_s2b3__D11011_seed2026__supm_m0p05_s30_t0p05_ls1_lr0p0003__adamnorm_lr0p0001,four_group,fourier+deformable+supcon_margin+adamnorm,fourier_deformable_supcon_margin_adamnorm,2026,fourier_d1_s2b3,D11011_seed2026,supm_mixnet_s_m0p05_s30_t0p05_ls1_lr0p0003_p128_projected,adamnorm_stagemask_001101_k357_lr0p0001
g4_FDSA__fourier_d1_s2b3__D11011_seed2026__supm_m0p05_s30_t0p05_ls1_lr0p0003__adamnorm_lr0p0003,four_group,fourier+deformable+supcon_margin+adamnorm,fourier_deformable_supcon_margin_adamnorm,2026,fourier_d1_s2b3,D11011_seed2026,supm_mixnet_s_m0p05_s30_t0p05_ls1_lr0p0003_p128_projected,adamnorm_stagemask_001101_k357_lr0p0003
